id,first_name,last_name,email,gender,ip_address
1,Reinwald,Okenden,rokenden0@mozilla.org,Male,145.100.5.114
2,Ronna,Ransbury,rransbury1@xrea.com,Female,18.210.12.165
3,Atlanta,Hulk,ahulk2@theguardian.com,Female,238.149.119.71
4,Benji,Athersmith,bathersmith3@xing.com,Male,31.227.99.91
5,Monti,Blazeby,mblazeby4@twitpic.com,Male,160.203.245.57
6,Maximilianus,Edgeler,medgeler5@weibo.com,Male,36.253.27.236
7,Bruce,Ramlot,bramlot6@java.com,Male,97.93.175.150
8,Matthias,Simpkin,msimpkin7@nyu.edu,Male,173.251.122.86
9,Enriqueta,Hadgkiss,ehadgkiss8@amazon.com,Non-binary,63.55.62.55
10,Link,Belliveau,lbelliveau9@goo.gl,Male,17.110.101.23
11,Benni,Saye,bsayea@arizona.edu,Female,24.241.41.74
12,Natalina,Sturdgess,nsturdgessb@hugedomains.com,Female,27.24.37.207
13,Gwennie,Skillanders,gskillandersc@devhub.com,Female,152.64.234.219
14,Idelle,Shillaber,ishillaberd@artisteer.com,Female,241.126.79.183
15,Durante,Dever,ddevere@ning.com,Male,83.72.168.197
16,Errol,Gidman,egidmanf@apple.com,Male,73.90.115.22
17,Sutton,Dolder,sdolderg@51.la,Male,26.183.198.58
18,Kincaid,Castillon,kcastillonh@pagesperso-orange.fr,Male,101.35.121.120
19,Doralia,Gusticke,dgustickei@army.mil,Female,206.50.7.247
20,Shelton,Ximenez,sximenezj@dropbox.com,Male,198.57.147.22
21,Thibaud,Cleft,tcleftk@seesaa.net,Male,119.205.235.236
22,Johan,Egginton,jeggintonl@aboutads.info,Male,48.66.91.206
23,Fanchon,Longo,flongom@wordpress.com,Female,125.11.196.214
24,Loydie,Colmer,lcolmern@netscape.com,Male,97.144.203.90
25,Carlie,Teenan,cteenano@blog.com,Polygender,253.107.68.146
26,Rubia,Glassborow,rglassborowp@nhs.uk,Female,184.227.190.249
27,Drake,Harpin,dharpinq@godaddy.com,Male,98.170.53.191
28,Cobb,Cazereau,ccazereaur@digg.com,Bigender,102.123.123.133
29,Charline,Wheldon,cwheldons@nhs.uk,Female,134.70.60.12
30,Cristobal,Grigolashvill,cgrigolashvillt@nbcnews.com,Male,76.152.60.184
31,Renate,Olczyk,rolczyku@symantec.com,Non-binary,89.195.219.42
32,Ange,Hatliff,ahatliffv@nyu.edu,Male,58.38.17.212
33,Meghan,Gioani,mgioaniw@nydailynews.com,Female,188.170.14.228
34,Farlee,Gault,fgaultx@go.com,Male,3.147.27.68
35,Horacio,Gingedale,hgingedaley@mayoclinic.com,Male,106.169.238.147
36,Marshall,Bellison,mbellisonz@imgur.com,Male,66.227.140.251
37,Jan,Garretts,jgarretts10@sciencedaily.com,Male,207.181.244.115
38,Seamus,De Fries,sdefries11@barnesandnoble.com,Male,20.133.208.50
39,Cherrita,Spadari,cspadari12@fema.gov,Female,176.227.214.238
40,Tannie,Deshon,tdeshon13@businessweek.com,Male,181.71.150.80
41,Burnard,Wybrew,bwybrew14@sitemeter.com,Male,48.158.82.102
42,Lily,Lindberg,llindberg15@imdb.com,Female,44.145.95.179
43,Chantal,Gontier,cgontier16@oracle.com,Female,110.28.43.4
44,Merrilee,Deakes,mdeakes17@edublogs.org,Female,46.243.184.230
45,Allx,Whiteson,awhiteson18@howstuffworks.com,Female,161.114.150.221
46,Pinchas,Mabone,pmabone19@slideshare.net,Male,209.97.127.182
47,Mercedes,Bennitt,mbennitt1a@archive.org,Non-binary,145.11.10.242
48,Clerkclaude,Merrick,cmerrick1b@cbslocal.com,Male,100.70.24.196
49,Bennett,Melmar,bmelmar1c@nasa.gov,Male,108.244.219.68
50,Grove,Hegley,ghegley1d@mlb.com,Male,74.155.171.192
51,Mill,Starbeck,mstarbeck1e@hp.com,Male,130.9.195.65
52,Bradney,Simister,bsimister1f@bandcamp.com,Male,162.230.106.10
53,Hercules,Trenholm,htrenholm1g@ted.com,Polygender,151.136.232.86
54,Martina,Ruggles,mruggles1h@squidoo.com,Female,206.165.180.15
55,Annadiana,Scripture,ascripture1i@godaddy.com,Female,110.194.32.38
56,Barty,Sweeting,bsweeting1j@cbsnews.com,Male,66.155.21.137
57,Christiano,Sharphurst,csharphurst1k@fastcompany.com,Male,120.57.117.34
58,Raddy,Leithgoe,rleithgoe1l@shutterfly.com,Male,220.41.169.5
59,Rhett,Boig,rboig1m@netscape.com,Non-binary,244.254.93.108
60,Cristionna,Ugoletti,cugoletti1n@imageshack.us,Female,23.168.161.240
61,Bonnibelle,Leander,bleander1o@slate.com,Female,154.125.25.42
62,Grayce,Gorini,ggorini1p@liveinternet.ru,Female,153.255.255.165
63,Fee,Braunfeld,fbraunfeld1q@prnewswire.com,Agender,167.49.175.22
64,Corrina,Pettican,cpettican1r@washington.edu,Genderqueer,72.155.167.225
65,Bruce,McCarle,bmccarle1s@jimdo.com,Male,219.185.118.94
66,Shannan,Stamper,sstamper1t@feedburner.com,Male,40.74.6.100
67,Jack,Guilloneau,jguilloneau1u@economist.com,Male,88.242.222.84
68,Jacklyn,Cunio,jcunio1v@discovery.com,Female,244.9.130.36
69,Koressa,Steljes,ksteljes1w@dot.gov,Female,229.13.150.129
70,Ciro,Moncey,cmoncey1x@go.com,Male,209.251.74.40
71,Edna,Bolderstone,ebolderstone1y@twitpic.com,Female,233.41.142.86
72,Sean,Cicco,scicco1z@google.ru,Female,67.64.137.92
73,Gloria,Gillian,ggillian20@ezinearticles.com,Female,118.116.7.91
74,Dillie,Franchi,dfranchi21@tiny.cc,Male,201.224.108.65
75,Rees,Sleight,rsleight22@dmoz.org,Male,214.77.56.56
76,Kristen,Andrat,kandrat23@nyu.edu,Female,78.216.114.145
77,Cyrille,Van der Brugge,cvanderbrugge24@163.com,Male,82.84.136.70
78,Birgitta,Bomb,bbomb25@msn.com,Female,153.78.168.216
79,Harvey,Esser,hesser26@epa.gov,Male,142.8.119.245
80,Haven,Czyz,hczyz27@tinyurl.com,Male,142.171.67.141
81,Cesya,Duckers,cduckers28@dell.com,Female,145.61.239.13
82,Lilias,Di Bartolommeo,ldibartolommeo29@clickbank.net,Female,37.120.70.238
83,Cosme,Tape,ctape2a@hc360.com,Male,184.240.109.211
84,Perrine,Jurca,pjurca2b@spotify.com,Female,193.128.157.214
85,Shalne,Siverns,ssiverns2c@youku.com,Female,248.64.203.243
86,Alecia,Blakesley,ablakesley2d@yolasite.com,Female,185.54.239.168
87,Esmaria,Rilings,erilings2e@alibaba.com,Female,166.116.92.227
88,Jasmina,Skingle,jskingle2f@loc.gov,Female,234.195.220.234
89,Boothe,Gouldthorp,bgouldthorp2g@tripadvisor.com,Male,219.172.236.104
90,Whitaker,Knocker,wknocker2h@wordpress.org,Male,21.70.218.25
91,Wallis,Conkie,wconkie2i@symantec.com,Female,186.40.131.69
92,Tyne,Oager,toager2j@eepurl.com,Non-binary,101.106.10.71
93,Clarice,Sooper,csooper2k@gmpg.org,Female,228.67.144.61
94,Yevette,Lambertini,ylambertini2l@goo.gl,Female,72.188.182.110
95,Cordy,Clemon,cclemon2m@biblegateway.com,Male,123.56.162.213
96,Ruthann,Stanborough,rstanborough2n@sohu.com,Genderqueer,125.150.28.140
97,Manolo,Bedenham,mbedenham2o@telegraph.co.uk,Male,59.179.133.198
98,Aldridge,Klarzynski,aklarzynski2p@google.com.br,Male,26.208.198.97
99,Dietrich,McEvon,dmcevon2q@icio.us,Male,11.200.44.212
100,Vaclav,Meeks,vmeeks2r@sciencedaily.com,Male,19.101.61.83
101,Rubin,Iowarch,riowarch2s@purevolume.com,Male,255.234.4.69
102,Benedicta,Cantera,bcantera2t@woothemes.com,Female,148.218.131.247
103,Alys,Duinkerk,aduinkerk2u@mac.com,Agender,164.13.249.149
104,Aloysius,Giacopello,agiacopello2v@youtube.com,Male,144.198.62.93
105,Annora,Gilstin,agilstin2w@scribd.com,Female,162.240.167.87
106,Alyce,Masterton,amasterton2x@skyrock.com,Female,226.195.249.110
107,Orlan,Haisell,ohaisell2y@marketwatch.com,Male,144.197.240.61
108,Dietrich,Newham,dnewham2z@unesco.org,Male,254.248.253.99
109,Candida,Girardey,cgirardey30@dailymail.co.uk,Female,167.49.238.178
110,Celinka,De la Yglesias,cdelayglesias31@who.int,Female,37.75.62.221
111,Mikel,Accombe,maccombe32@ibm.com,Male,242.23.11.22
112,Eziechiele,Calterone,ecalterone33@army.mil,Male,37.184.28.205
113,Sergio,Benadette,sbenadette34@reddit.com,Male,61.178.51.22
114,Carissa,Siene,csiene35@e-recht24.de,Female,35.194.149.193
115,Urson,Alvey,ualvey36@examiner.com,Male,196.60.212.91
116,Edgardo,Summons,esummons37@diigo.com,Male,247.69.146.16
117,Deni,Wrotham,dwrotham38@vimeo.com,Female,83.247.88.100
118,Carola,Scorrer,cscorrer39@addthis.com,Female,97.247.224.71
119,Lewes,Kiltie,lkiltie3a@umn.edu,Male,24.165.223.107
120,Dyan,Quye,dquye3b@who.int,Female,205.59.9.5
121,Maria,Dawney,mdawney3c@admin.ch,Female,116.81.237.144
122,Bonnie,Hawkeswood,bhawkeswood3d@google.com.au,Female,233.113.250.217
123,Margy,Scrine,mscrine3e@craigslist.org,Female,173.84.171.161
124,Audrye,Wescott,awescott3f@netlog.com,Female,41.29.31.68
125,Tressa,Barrack,tbarrack3g@soundcloud.com,Polygender,128.167.223.32
126,Jehu,Delbergue,jdelbergue3h@wsj.com,Male,149.200.62.191
127,Emmalyn,Abramcik,eabramcik3i@nba.com,Female,43.63.80.94
128,Verena,Fenby,vfenby3j@elegantthemes.com,Female,48.3.86.181
129,Leanora,Futcher,lfutcher3k@archive.org,Female,30.54.66.186
130,Kimbell,Lange,klange3l@kickstarter.com,Male,144.167.66.201
131,Torre,Vallis,tvallis3m@prnewswire.com,Male,64.119.244.132
132,Arlen,Egglestone,aegglestone3n@1688.com,Female,253.180.220.156
133,Mariel,Mosconi,mmosconi3o@wikispaces.com,Genderfluid,253.191.77.70
134,Susann,MacGuigan,smacguigan3p@sakura.ne.jp,Female,46.11.96.30
135,Abramo,Feather,afeather3q@cbc.ca,Male,150.188.17.50
136,Ab,Leschelle,aleschelle3r@sogou.com,Male,44.116.31.39
137,Angelia,Haverty,ahaverty3s@tuttocitta.it,Female,202.36.54.147
138,Madelene,Wane,mwane3t@so-net.ne.jp,Female,230.132.136.40
139,Alie,Shalloe,ashalloe3u@accuweather.com,Female,61.35.5.193
140,Alejandra,Martensen,amartensen3v@cbsnews.com,Female,61.38.150.175
141,Saundra,Dobrowolny,sdobrowolny3w@engadget.com,Male,193.46.12.66
142,Jordon,Wilks,jwilks3x@theguardian.com,Genderqueer,166.83.48.41
143,Michail,Bramich,mbramich3y@woothemes.com,Male,92.226.156.40
144,Cristina,Marden,cmarden3z@mysql.com,Female,49.125.99.184
145,Jemimah,Swaffield,jswaffield40@loc.gov,Agender,210.243.234.193
146,Gaylord,Chinnery,gchinnery41@opera.com,Male,47.154.20.50
147,Grady,Trevino,gtrevino42@goo.gl,Male,111.207.106.110
148,Maxi,Goodings,mgoodings43@nba.com,Female,42.79.236.239
149,Emelita,Bedome,ebedome44@paypal.com,Genderfluid,16.130.53.102
150,Bax,Doble,bdoble45@lycos.com,Male,79.158.227.115
151,Renell,Sellan,rsellan46@ibm.com,Female,89.56.243.128
152,Basilius,Sugge,bsugge47@army.mil,Male,62.57.194.29
153,Gorden,Bowkley,gbowkley48@bloomberg.com,Male,29.93.34.226
154,Corly,Rupp,crupp49@photobucket.com,Female,86.252.50.192
155,Killie,Ravillas,kravillas4a@cloudflare.com,Male,57.239.225.38
156,Dorris,Ardy,dardy4b@cornell.edu,Female,69.86.129.30
157,Pacorro,Whetnall,pwhetnall4c@mit.edu,Male,160.168.75.233
158,Carr,Shakelade,cshakelade4d@chronoengine.com,Male,137.135.113.61
159,Ashien,Philbrook,aphilbrook4e@bizjournals.com,Female,247.158.79.128
160,Parker,Mallindine,pmallindine4f@cargocollective.com,Male,212.182.189.33
161,Juliane,Syvret,jsyvret4g@free.fr,Female,222.231.193.223
162,Ashley,O'Devey,aodevey4h@fc2.com,Male,116.8.157.33
163,Karlotte,Haffner,khaffner4i@unc.edu,Female,152.138.20.64
164,Ulick,Boyford,uboyford4j@ox.ac.uk,Male,244.59.1.215
165,Jeannie,Ventura,jventura4k@dell.com,Female,50.81.198.54
166,Marcel,Crookshanks,mcrookshanks4l@dot.gov,Male,121.14.177.146
167,Thurstan,Sperling,tsperling4m@blogs.com,Male,114.60.9.17
168,Wayland,Bonhome,wbonhome4n@csmonitor.com,Male,115.94.217.7
169,Adriano,Valentin,avalentin4o@google.it,Male,200.146.30.116
170,Uri,Vasyaev,uvasyaev4p@sina.com.cn,Male,251.200.109.143
171,Bethena,Lydden,blydden4q@uiuc.edu,Female,154.249.251.157
172,Errol,Phillp,ephillp4r@seesaa.net,Male,162.217.200.77
173,Chester,Jaan,cjaan4s@utexas.edu,Male,112.30.72.13
174,Philis,Ponde,pponde4t@gizmodo.com,Female,5.145.108.150
175,Wallie,Dwire,wdwire4u@scientificamerican.com,Female,52.192.51.218
176,Derick,Martinez,dmartinez4v@businessweek.com,Male,253.17.151.46
177,Anne-corinne,Over,aover4w@ucla.edu,Female,76.93.24.189
178,Siward,Pumfrey,spumfrey4x@sourceforge.net,Genderqueer,89.7.101.232
179,Francklin,Lorente,florente4y@blogspot.com,Male,223.101.111.19
180,Lalo,Isted,listed4z@dion.ne.jp,Male,188.42.140.61
181,Catlin,Egglestone,cegglestone50@booking.com,Female,42.97.163.14
182,Jessie,Gilley,jgilley51@yellowpages.com,Male,145.252.123.103
183,Lorrin,Chadburn,lchadburn52@ucoz.com,Female,67.33.130.25
184,Kathy,Layne,klayne53@ftc.gov,Female,161.167.103.49
185,Letta,Dautry,ldautry54@instagram.com,Female,173.211.76.181
186,Annabella,Astles,aastles55@amazonaws.com,Female,33.153.1.109
187,Faun,Haulkham,fhaulkham56@webnode.com,Female,51.16.106.7
188,Cristabel,Wincom,cwincom57@sina.com.cn,Female,65.203.56.100
189,Merrill,Enders,menders58@mayoclinic.com,Male,248.74.91.127
190,Allina,Rattenberie,arattenberie59@joomla.org,Female,218.121.153.105
191,Jacenta,Nolder,jnolder5a@cornell.edu,Female,83.128.75.12
192,Vonnie,Kidson,vkidson5b@ameblo.jp,Female,180.9.26.223
193,Riordan,Olford,rolford5c@hibu.com,Male,1.41.95.3
194,Giavani,Bucher,gbucher5d@pcworld.com,Male,60.199.187.95
195,Carissa,Copnar,ccopnar5e@berkeley.edu,Female,173.27.24.163
196,Krisha,Jealous,kjealous5f@xrea.com,Genderfluid,129.154.214.30
197,Twila,Dutt,tdutt5g@stumbleupon.com,Female,200.5.177.150
198,Eilis,O'Monahan,eomonahan5h@cbslocal.com,Female,72.114.172.100
199,Harris,Siley,hsiley5i@rakuten.co.jp,Male,205.206.117.19
200,Bill,Becconsall,bbecconsall5j@tripadvisor.com,Male,99.33.232.108
201,Violet,Armstead,varmstead5k@instagram.com,Female,47.12.101.84
202,Maximilien,Dofty,mdofty5l@uiuc.edu,Male,0.197.163.209
203,Ardra,Girth,agirth5m@bluehost.com,Female,40.94.200.115
204,Rodd,Dran,rdran5n@wikispaces.com,Male,104.52.14.78
205,Bellina,Dansie,bdansie5o@google.nl,Female,54.102.6.249
206,Valma,Louisot,vlouisot5p@discuz.net,Female,129.17.151.50
207,Gustaf,Willment,gwillment5q@geocities.com,Male,111.167.255.90
208,Dolf,Kindell,dkindell5r@jugem.jp,Male,100.79.221.245
209,Trudie,Dow,tdow5s@tamu.edu,Female,246.53.28.33
210,Philippine,Blackburn,pblackburn5t@yellowbook.com,Female,238.129.230.132
211,Marcella,Welham,mwelham5u@chicagotribune.com,Female,168.75.234.115
212,Lesley,Payne,lpayne5v@jugem.jp,Female,158.148.175.136
213,Westbrooke,Lillicrop,wlillicrop5w@weibo.com,Bigender,197.244.177.225
214,Dolph,Sidlow,dsidlow5x@macromedia.com,Male,115.141.67.34
215,Barbi,Hindmoor,bhindmoor5y@chron.com,Female,234.111.91.212
216,Daniele,Bartelli,dbartelli5z@java.com,Female,28.246.108.44
217,Kingsly,Romanin,kromanin60@devhub.com,Male,32.231.215.227
218,Sheff,Umfrey,sumfrey61@miitbeian.gov.cn,Male,219.213.157.187
219,Nickolai,Nichol,nnichol62@sourceforge.net,Male,164.186.9.212
220,Elianora,Roubeix,eroubeix63@soundcloud.com,Female,137.254.87.85
221,Oralle,Collett,ocollett64@berkeley.edu,Female,73.151.244.182
222,Winnah,Obispo,wobispo65@a8.net,Female,121.64.68.85
223,Hinze,Millan,hmillan66@usgs.gov,Male,147.187.129.34
224,Raimondo,O' Concannon,roconcannon67@intel.com,Male,104.115.251.33
225,Yorgo,MacSharry,ymacsharry68@jigsy.com,Male,214.19.144.165
226,Flinn,Giacomuzzi,fgiacomuzzi69@chronoengine.com,Male,82.5.73.67
227,Francesca,Trelevan,ftrelevan6a@craigslist.org,Female,106.0.133.199
228,Oralee,Aldham,oaldham6b@mtv.com,Female,36.201.127.57
229,Elwood,Penhale,epenhale6c@eventbrite.com,Agender,221.245.82.183
230,Fawnia,Curtain,fcurtain6d@nsw.gov.au,Female,84.123.73.114
231,Angelica,Darnody,adarnody6e@wired.com,Female,45.69.127.165
232,Grayce,Curzon,gcurzon6f@wix.com,Female,32.42.140.209
233,Lion,Whiteford,lwhiteford6g@ucla.edu,Male,211.225.116.101
234,Padget,Brevetor,pbrevetor6h@sogou.com,Male,59.237.221.254
235,Clemens,Cadlock,ccadlock6i@exblog.jp,Male,13.143.224.3
236,Kelcey,Millis,kmillis6j@blogger.com,Female,99.98.29.133
237,Pierette,Laskey,plaskey6k@dot.gov,Genderqueer,159.84.34.51
238,Carmen,Fatkin,cfatkin6l@youku.com,Agender,211.238.170.92
239,Corabelle,Feldklein,cfeldklein6m@noaa.gov,Female,40.179.9.40
240,Berky,Kalinsky,bkalinsky6n@imgur.com,Male,214.230.191.78
241,Lou,Chatwood,lchatwood6o@163.com,Female,49.50.80.77
242,Lari,Doberer,ldoberer6p@gravatar.com,Female,155.149.119.204
243,Cull,Tomney,ctomney6q@soundcloud.com,Male,186.13.131.129
244,Price,Izchaki,pizchaki6r@fc2.com,Male,120.17.244.191
245,Sheba,Fallen,sfallen6s@hhs.gov,Bigender,65.54.45.120
246,Corine,Nield,cnield6t@google.es,Female,191.153.183.139
247,Galina,Mell,gmell6u@macromedia.com,Female,161.228.41.120
248,Riordan,Filippucci,rfilippucci6v@dmoz.org,Male,231.53.231.39
249,Jared,Potebury,jpotebury6w@miitbeian.gov.cn,Male,225.219.88.117
250,Stevena,McKimmie,smckimmie6x@cornell.edu,Female,159.141.185.20
251,Danya,Wehnerr,dwehnerr6y@cnet.com,Female,247.190.106.162
252,Antonina,Grossman,agrossman6z@harvard.edu,Female,4.255.105.61
253,Micah,Pietesch,mpietesch70@mediafire.com,Male,252.61.227.174
254,Cristal,Jindrich,cjindrich71@cloudflare.com,Bigender,224.212.240.245
255,Rolfe,Iacovelli,riacovelli72@purevolume.com,Male,52.211.93.249
256,Etienne,Richardot,erichardot73@reverbnation.com,Male,31.37.138.150
257,Ellene,Blundan,eblundan74@com.com,Female,253.239.130.242
258,Rorie,Armfirld,rarmfirld75@sfgate.com,Female,76.22.79.139
259,Giuditta,Livard,glivard76@stumbleupon.com,Female,82.55.196.14
260,Maurise,Barthram,mbarthram77@liveinternet.ru,Female,35.252.1.178
261,Egon,Roscam,eroscam78@dailymotion.com,Male,15.6.130.217
262,Danyelle,Veivers,dveivers79@uiuc.edu,Female,177.109.218.162
263,Jeffrey,London,jlondon7a@blogtalkradio.com,Male,200.35.12.25
264,Bone,Cankett,bcankett7b@europa.eu,Agender,114.54.107.146
265,Shel,Littlewood,slittlewood7c@163.com,Female,167.87.19.128
266,Joaquin,Glencorse,jglencorse7d@soup.io,Male,255.201.157.87
267,Sidney,Mandy,smandy7e@4shared.com,Male,17.28.192.200
268,Abbi,MacAlpyne,amacalpyne7f@bravesites.com,Female,38.192.209.126
269,Yettie,Fleay,yfleay7g@fc2.com,Female,24.32.165.45
270,Cyb,Keattch,ckeattch7h@liveinternet.ru,Female,145.34.137.220
271,Dulcinea,Ech,dech7i@sina.com.cn,Female,34.18.123.128
272,Antonio,Secretan,asecretan7j@biblegateway.com,Male,19.2.210.240
273,Em,Rate,erate7k@squarespace.com,Female,228.56.25.12
274,Lennard,McNickle,lmcnickle7l@cisco.com,Male,161.70.60.16
275,Mohammed,Jaggard,mjaggard7m@wired.com,Male,107.152.223.163
276,Pepito,Joliffe,pjoliffe7n@google.com,Male,74.92.202.96
277,Matt,Goodwill,mgoodwill7o@boston.com,Male,187.229.208.148
278,Grannie,Maxworthy,gmaxworthy7p@flickr.com,Male,123.198.109.65
279,Leena,Sabate,lsabate7q@cdbaby.com,Female,44.117.238.65
280,Tammie,Stang-Gjertsen,tstanggjertsen7r@exblog.jp,Female,235.254.62.201
281,Merilyn,Gadney,mgadney7s@gov.uk,Female,128.167.107.255
282,Rutherford,Omond,romond7t@msn.com,Male,101.124.88.241
283,Julianna,Cutridge,jcutridge7u@unicef.org,Female,152.253.162.243
284,Andriana,Weekly,aweekly7v@reference.com,Female,179.60.145.88
285,Marchall,Elsop,melsop7w@latimes.com,Male,175.34.250.14
286,Lucina,Sacase,lsacase7x@cisco.com,Female,236.113.199.253
287,Horst,MacMaster,hmacmaster7y@msn.com,Male,195.24.77.105
288,Liz,Witcher,lwitcher7z@amazon.co.uk,Female,230.243.224.112
289,Rosanne,Eustanch,reustanch80@desdev.cn,Female,9.222.193.70
290,Sayre,Whitewood,swhitewood81@furl.net,Male,247.198.26.201
291,Rebbecca,Neagle,rneagle82@slate.com,Female,212.98.36.100
292,Jordan,Winney,jwinney83@unc.edu,Female,247.95.94.84
293,Loise,Etteridge,letteridge84@freewebs.com,Female,143.141.191.84
294,Nona,Hards,nhards85@cdbaby.com,Female,136.86.28.83
295,Hermie,Ovington,hovington86@irs.gov,Male,72.242.0.59
296,Salomo,Kubacki,skubacki87@fotki.com,Male,163.41.252.137
297,Symon,Leney,sleney88@sun.com,Male,112.95.91.184
298,Augustus,Deaton,adeaton89@themeforest.net,Male,240.81.167.86
299,Khalil,Wyldes,kwyldes8a@washingtonpost.com,Male,4.72.193.252
300,Allix,Alton,aalton8b@slashdot.org,Female,43.116.142.167
301,Arleyne,Garrood,agarrood8c@dedecms.com,Genderfluid,67.61.42.95
302,Elli,Lias,elias8d@thetimes.co.uk,Female,99.74.236.186
303,Moises,Gianuzzi,mgianuzzi8e@nationalgeographic.com,Male,77.57.29.116
304,Eliot,Smylie,esmylie8f@taobao.com,Male,34.185.33.2
305,Cassius,Hennemann,chennemann8g@is.gd,Male,111.76.118.253
306,Tresa,McKinie,tmckinie8h@toplist.cz,Female,230.8.47.193
307,Babette,Pinn,bpinn8i@issuu.com,Female,74.105.227.181
308,Hernando,Daventry,hdaventry8j@technorati.com,Male,170.88.41.30
309,Verge,Botler,vbotler8k@dmoz.org,Male,77.141.146.34
310,Lindy,Daintier,ldaintier8l@addtoany.com,Male,234.229.179.157
311,Rosabel,Woodhams,rwoodhams8m@usatoday.com,Female,32.135.193.249
312,Mira,Hubeaux,mhubeaux8n@hao123.com,Female,26.139.143.117
313,Alexei,Vauter,avauter8o@usatoday.com,Male,34.36.135.49
314,Benson,Dunge,bdunge8p@sfgate.com,Non-binary,71.107.118.123
315,Odell,Goodwyn,ogoodwyn8q@facebook.com,Male,193.79.224.22
316,Reiko,Wallenger,rwallenger8r@archive.org,Female,224.69.113.163
317,Rosina,Dymoke,rdymoke8s@tumblr.com,Female,76.68.200.241
318,Zak,McHenry,zmchenry8t@multiply.com,Male,156.117.169.22
319,Darcy,Lissaman,dlissaman8u@nsw.gov.au,Female,36.72.130.18
320,Joyous,Butt,jbutt8v@thetimes.co.uk,Female,10.85.185.52
321,Archambault,Dannatt,adannatt8w@miitbeian.gov.cn,Male,13.210.237.30
322,Lyndell,Elfe,lelfe8x@mail.ru,Female,0.73.155.203
323,Chrissie,Mithun,cmithun8y@google.co.uk,Male,103.167.172.219
324,Danny,Clappson,dclappson8z@nasa.gov,Genderfluid,20.158.151.194
325,Timmie,Levick,tlevick90@alexa.com,Male,25.116.129.223
326,Lind,Greeveson,lgreeveson91@dailymail.co.uk,Male,95.17.215.109
327,Zoe,Gallichiccio,zgallichiccio92@vistaprint.com,Female,247.97.73.179
328,Thatch,Kimbell,tkimbell93@php.net,Male,123.77.126.131
329,Shaylyn,Geldeard,sgeldeard94@salon.com,Female,219.137.202.50
330,Kelcy,Armour,karmour95@w3.org,Non-binary,178.100.228.123
331,Rivkah,Gergher,rgergher96@hud.gov,Non-binary,75.224.147.77
332,Ivar,Salery,isalery97@imgur.com,Male,225.90.247.195
333,Kaiser,Bunson,kbunson98@mac.com,Genderfluid,2.60.7.75
334,Che,Easman,ceasman99@huffingtonpost.com,Male,230.82.148.218
335,Tabor,Dibsdale,tdibsdale9a@bizjournals.com,Genderqueer,17.67.243.173
336,Edita,Ridolfo,eridolfo9b@dot.gov,Bigender,221.30.60.165
337,Brien,Kittiman,bkittiman9c@msu.edu,Male,23.53.180.24
338,Stella,Pentony,spentony9d@example.com,Female,120.28.154.150
339,Austina,Mahomet,amahomet9e@google.com.br,Female,172.54.200.172
340,Robbyn,Bygrave,rbygrave9f@feedburner.com,Agender,221.124.31.241
341,Fritz,Durber,fdurber9g@topsy.com,Male,159.137.170.221
342,Shayne,Nassy,snassy9h@wikispaces.com,Male,159.123.108.208
343,Thia,Borless,tborless9i@reverbnation.com,Genderqueer,58.49.160.145
344,Zedekiah,Shoveller,zshoveller9j@github.io,Male,143.43.27.28
345,Amos,Tetsall,atetsall9k@goo.gl,Male,34.3.4.223
346,Roxine,Cottel,rcottel9l@bbb.org,Female,90.78.73.87
347,Dasie,McCrossan,dmccrossan9m@biglobe.ne.jp,Female,239.89.242.37
348,Don,Kinrade,dkinrade9n@hc360.com,Male,18.37.80.117
349,Henrietta,Gladyer,hgladyer9o@alibaba.com,Female,99.97.38.70
350,Eugenio,Yokel,eyokel9p@ameblo.jp,Male,223.230.49.234
351,Millard,Hasnney,mhasnney9q@sogou.com,Male,91.8.2.51
352,Noah,Scrowston,nscrowston9r@dailymotion.com,Male,173.157.47.239
353,Giraud,Thoma,gthoma9s@flickr.com,Male,179.7.232.15
354,Chick,Eadmead,ceadmead9t@census.gov,Male,35.95.54.218
355,Kelcie,Franciotti,kfranciotti9u@uiuc.edu,Female,246.237.147.149
356,Annabella,Robottham,arobottham9v@unicef.org,Female,161.38.104.143
357,Moishe,Otterwell,motterwell9w@scribd.com,Male,171.133.13.18
358,Boycey,Lansbury,blansbury9x@hexun.com,Male,200.102.205.139
359,Frederich,Fulleylove,ffulleylove9y@sciencedaily.com,Bigender,159.247.34.122
360,Aleece,Fleetham,afleetham9z@discuz.net,Genderqueer,54.139.219.228
361,Husein,Godar,hgodara0@youku.com,Male,147.25.87.209
362,Irene,Lively,ilivelya1@ameblo.jp,Female,79.71.216.244
363,Rickert,Wilshaw,rwilshawa2@webnode.com,Male,167.197.135.244
364,Beth,Purveys,bpurveysa3@dailymail.co.uk,Female,52.253.74.57
365,Mignon,Charlson,mcharlsona4@msn.com,Female,136.2.19.17
366,Bevvy,Lenthall,blenthalla5@google.com.br,Female,140.60.172.24
367,Lorin,Bottleson,lbottlesona6@mysql.com,Male,71.168.55.132
368,Bat,Shotbolt,bshotbolta7@github.io,Genderfluid,93.98.17.120
369,Atalanta,Hearns,ahearnsa8@1688.com,Female,125.238.214.112
370,Holmes,Lukasen,hlukasena9@earthlink.net,Male,24.120.170.118
371,Lena,Younie,lyounieaa@kickstarter.com,Female,36.171.110.159
372,Lib,Kenington,lkeningtonab@prnewswire.com,Female,199.87.139.22
373,Kaylil,Pickering,kpickeringac@parallels.com,Female,87.202.92.66
374,Vinnie,Balshaw,vbalshawad@si.edu,Female,115.2.175.65
375,Marcos,Dilliway,mdilliwayae@baidu.com,Male,118.7.211.227
376,Millard,Stainton - Skinn,mstaintonskinnaf@guardian.co.uk,Male,2.97.183.63
377,Berkly,Behn,bbehnag@google.es,Male,41.173.36.123
378,Donnie,Boschmann,dboschmannah@noaa.gov,Female,106.187.170.129
379,Regan,Hartless,rhartlessai@linkedin.com,Female,78.120.23.155
380,Cully,Ginman,cginmanaj@cpanel.net,Male,98.178.0.254
381,Base,McKue,bmckueak@storify.com,Male,105.79.205.248
382,Silvester,Girvin,sgirvinal@nsw.gov.au,Male,22.61.184.79
383,Noe,Dowbiggin,ndowbigginam@amazonaws.com,Male,48.59.131.21
384,Viviana,Southwood,vsouthwoodan@fema.gov,Female,48.30.115.139
385,Waite,Arons,waronsao@w3.org,Agender,54.100.203.158
386,Ogdan,Godney,ogodneyap@epa.gov,Male,83.10.213.240
387,Robin,Gorner,rgorneraq@merriam-webster.com,Female,242.159.92.146
388,Burnaby,Valentin,bvalentinar@issuu.com,Male,138.127.165.99
389,Hewe,Beisley,hbeisleyas@unicef.org,Male,95.225.8.53
390,Emelda,Itzkowicz,eitzkowiczat@aboutads.info,Female,75.21.243.139
391,Theodore,Linzee,tlinzeeau@qq.com,Male,199.138.21.203
392,Arturo,Bonnefin,abonnefinav@shop-pro.jp,Male,191.81.174.73
393,Gard,Renzini,grenziniaw@posterous.com,Male,27.149.85.74
394,Elfrida,Hearne,ehearneax@washington.edu,Female,75.32.105.135
395,Vittorio,Yaknov,vyaknovay@nbcnews.com,Male,170.2.151.109
396,Tessy,Hagstone,thagstoneaz@free.fr,Female,105.150.181.242
397,Jaquith,Rodway,jrodwayb0@vk.com,Female,29.117.160.13
398,Sauveur,McGarrie,smcgarrieb1@studiopress.com,Male,170.186.212.189
399,Sigismund,Kirtland,skirtlandb2@webeden.co.uk,Male,38.102.36.4
400,Adi,Kilbee,akilbeeb3@constantcontact.com,Female,46.77.133.100
401,Dari,Decaze,ddecazeb4@aboutads.info,Female,152.193.86.83
402,Hanna,Camings,hcamingsb5@nationalgeographic.com,Female,172.76.73.142
403,Danya,Isgate,disgateb6@springer.com,Male,77.232.248.56
404,Anabal,Donizeau,adonizeaub7@loc.gov,Female,253.108.47.212
405,Mel,Crompton,mcromptonb8@nymag.com,Female,1.45.153.184
406,Ansel,Rojahn,arojahnb9@google.co.jp,Male,156.216.117.233
407,Netta,Ainsworth,nainsworthba@myspace.com,Polygender,100.254.158.165
408,Mattias,McConnal,mmcconnalbb@sina.com.cn,Male,105.223.26.238
409,Modestine,Devorill,mdevorillbc@eepurl.com,Female,68.216.35.88
410,Cathie,Marsh,cmarshbd@fema.gov,Female,183.20.101.33
411,Mendel,Cleeves,mcleevesbe@infoseek.co.jp,Male,81.125.15.66
412,Granny,Welden,gweldenbf@mashable.com,Male,208.113.181.91
413,Giffer,Ridoutt,gridouttbg@stanford.edu,Male,143.34.175.159
414,Dorri,Moroney,dmoroneybh@mediafire.com,Female,250.215.187.13
415,Kristine,Ducker,kduckerbi@bloglovin.com,Female,223.50.195.159
416,Mord,Olech,molechbj@digg.com,Genderqueer,112.144.123.80
417,William,Ollerton,wollertonbk@squarespace.com,Male,213.36.239.45
418,Lorita,MacDaid,lmacdaidbl@google.ru,Female,173.64.250.69
419,Angele,Milward,amilwardbm@a8.net,Female,189.187.91.253
420,Genevra,Veness,gvenessbn@wiley.com,Female,234.163.82.235
421,Forbes,Cutford,fcutfordbo@dmoz.org,Male,56.4.87.39
422,Derrick,Ambler,damblerbp@acquirethisname.com,Male,126.92.91.166
423,Nickolai,Bapty,nbaptybq@time.com,Male,152.23.68.153
424,Skylar,Malarkey,smalarkeybr@nyu.edu,Male,43.34.223.151
425,Pate,Geroldi,pgeroldibs@posterous.com,Male,164.24.242.135
426,Archibold,Keynd,akeyndbt@google.co.jp,Genderqueer,44.26.237.222
427,Joyann,Richt,jrichtbu@mapquest.com,Bigender,175.49.135.234
428,Rip,Lang,rlangbv@clickbank.net,Male,119.206.37.136
429,Marne,Remirez,mremirezbw@quantcast.com,Female,29.175.93.138
430,Conney,Santello,csantellobx@altervista.org,Male,212.9.255.43
431,Latrina,Corbridge,lcorbridgeby@chron.com,Female,226.191.14.97
432,Hillery,Kebbell,hkebbellbz@php.net,Agender,15.245.178.26
433,Kellina,Pearcey,kpearceyc0@diigo.com,Female,162.46.147.144
434,Harold,Peschka,hpeschkac1@flickr.com,Male,140.19.74.231
435,Shayne,Mcsarry,smcsarryc2@ycombinator.com,Male,172.2.5.42
436,Rochella,Landal,rlandalc3@goo.gl,Female,195.235.235.224
437,Hedwiga,Mintoff,hmintoffc4@bizjournals.com,Female,34.89.153.132
438,Tammie,Pettman,tpettmanc5@jiathis.com,Female,184.160.233.121
439,Greggory,Headly,gheadlyc6@telegraph.co.uk,Male,101.105.189.39
440,Gardie,Firebrace,gfirebracec7@google.com.hk,Male,184.111.175.183
441,Betteanne,Gutteridge,bgutteridgec8@usatoday.com,Female,213.218.137.88
442,Efrem,Hanford,ehanfordc9@nih.gov,Male,13.57.209.195
443,Thane,Mallya,tmallyaca@hostgator.com,Male,253.19.75.113
444,Elysia,Sime,esimecb@howstuffworks.com,Female,111.209.183.79
445,Karen,Coogan,kcoogancc@pagesperso-orange.fr,Agender,181.68.124.39
446,Leela,Ghent,lghentcd@digg.com,Female,212.193.104.198
447,Annamaria,Reaveley,areaveleyce@economist.com,Female,7.144.227.24
448,Marius,Casse,mcassecf@desdev.cn,Male,153.249.193.97
449,Veronike,Johnikin,vjohnikincg@odnoklassniki.ru,Female,119.78.85.65
450,Carlin,Klesel,ckleselch@apache.org,Non-binary,112.108.56.61
451,Delano,Saye,dsayeci@goodreads.com,Male,240.163.135.16
452,Carlos,Sertin,csertincj@independent.co.uk,Male,102.82.199.195
453,Francine,Cadwell,fcadwellck@pcworld.com,Female,34.169.96.103
454,Cornelia,Bullocke,cbullockecl@phoca.cz,Female,27.112.103.199
455,Rustie,Trowle,rtrowlecm@constantcontact.com,Male,245.119.109.189
456,Petunia,Crackel,pcrackelcn@boston.com,Female,41.50.145.157
457,Sigfrid,Noseworthy,snoseworthyco@google.ru,Male,176.83.2.224
458,Tulley,Batey,tbateycp@netscape.com,Male,177.228.184.188
459,Gris,Duchasteau,gduchasteaucq@irs.gov,Male,100.52.55.209
460,Doralyn,Jekel,djekelcr@senate.gov,Female,4.93.233.142
461,Sissy,Jaeggi,sjaeggics@gravatar.com,Polygender,214.65.241.157
462,Ashley,Gabites,agabitesct@msn.com,Female,37.117.117.243
463,Ferdy,Malser,fmalsercu@statcounter.com,Male,195.22.110.168
464,Lusa,Ribeiro,lribeirocv@fda.gov,Female,14.115.119.131
465,Erl,Bointon,ebointoncw@webmd.com,Male,228.195.48.156
466,Mendy,Selvester,mselvestercx@nba.com,Male,95.210.166.209
467,Jamill,Breeder,jbreedercy@wix.com,Bigender,14.39.196.200
468,Anatollo,Vanderplas,avanderplascz@walmart.com,Male,238.154.232.80
469,Wake,Tudge,wtudged0@gnu.org,Polygender,25.103.87.192
470,Emylee,Doughty,edoughtyd1@theatlantic.com,Female,152.252.84.155
471,Glennis,Dewire,gdewired2@fda.gov,Female,253.42.170.105
472,Terri-jo,Peachment,tpeachmentd3@friendfeed.com,Female,198.239.113.224
473,Betteanne,Stening,bsteningd4@oracle.com,Female,115.94.5.96
474,Pierce,Learmont,plearmontd5@scribd.com,Male,143.149.181.0
475,Balduin,Elcox,belcoxd6@wordpress.com,Male,252.123.5.203
476,Bondie,Weaving,bweavingd7@newsvine.com,Male,181.87.207.136
477,Kandace,Ginley,kginleyd8@macromedia.com,Female,171.225.178.27
478,Eustacia,Bastow,ebastowd9@pbs.org,Female,177.175.73.178
479,Hilliard,Aldcorn,haldcornda@issuu.com,Male,240.39.137.200
480,Penelopa,Give,pgivedb@godaddy.com,Female,51.80.130.111
481,Skye,Armsby,sarmsbydc@ox.ac.uk,Male,193.191.185.171
482,Lynnelle,Ceccoli,lceccolidd@nih.gov,Female,17.8.176.222
483,Archaimbaud,Freiberg,afreibergde@1und1.de,Male,115.212.113.10
484,Karole,Ablitt,kablittdf@nps.gov,Female,42.239.18.85
485,Ginger,Wipfler,gwipflerdg@nhs.uk,Male,227.198.206.187
486,Robinet,Briscow,rbriscowdh@nba.com,Male,75.127.104.231
487,Ryan,Lawless,rlawlessdi@mediafire.com,Male,97.26.3.102
488,Cobb,Shenfisch,cshenfischdj@cnet.com,Male,109.133.77.37
489,Osborne,Arthars,oartharsdk@instagram.com,Male,65.69.109.169
490,Wally,Leemans,wleemansdl@posterous.com,Female,250.219.243.158
491,Abel,Fayter,afayterdm@weebly.com,Male,139.155.243.177
492,Ardyth,MacGowing,amacgowingdn@home.pl,Female,252.44.36.77
493,Tanney,Trevett,ttrevettdo@meetup.com,Male,31.40.203.53
494,Sammie,Summerton,ssummertondp@jalbum.net,Male,172.208.134.10
495,Catherin,Gallyon,cgallyondq@tripod.com,Female,143.169.254.120
496,Benedick,Battison,bbattisondr@issuu.com,Male,12.226.201.74
497,Florenza,Wrightim,fwrightimds@dell.com,Female,125.41.210.249
498,Conway,Cron,ccrondt@unicef.org,Polygender,250.205.128.145
499,Vannie,Pessel,vpesseldu@geocities.com,Female,148.177.114.156
500,Kylie,Valler,kvallerdv@abc.net.au,Male,123.86.42.129
501,Hewe,Shotton,hshottondw@epa.gov,Agender,57.124.52.160
502,Germaine,Wasmer,gwasmerdx@census.gov,Male,247.14.210.40
503,Jackie,Spikeings,jspikeingsdy@mayoclinic.com,Female,186.36.174.168
504,Lawry,Wincott,lwincottdz@tuttocitta.it,Male,45.12.194.162
505,Bruis,McCoole,bmccoolee0@scientificamerican.com,Male,208.223.215.163
506,Franklin,Mathey,fmatheye1@amazon.de,Male,72.18.225.16
507,Gail,Croasdale,gcroasdalee2@ameblo.jp,Male,66.5.136.88
508,Rochella,Gaskoin,rgaskoine3@csmonitor.com,Female,48.145.33.120
509,Florian,Elstub,felstube4@elpais.com,Male,162.147.97.133
510,Marinna,Symonds,msymondse5@engadget.com,Female,142.28.60.93
511,Brinna,Forbes,bforbese6@creativecommons.org,Female,103.110.117.59
512,Cristian,Bartrop,cbartrope7@cornell.edu,Male,4.163.181.244
513,Welch,Schulken,wschulkene8@simplemachines.org,Male,115.253.92.91
514,Rene,Geram,rgerame9@auda.org.au,Male,173.66.6.58
515,Filide,Sikorsky,fsikorskyea@w3.org,Female,77.2.181.209
516,Evelina,Rabson,erabsoneb@wikipedia.org,Female,46.123.126.148
517,Broderic,Cowlishaw,bcowlishawec@archive.org,Male,220.36.69.57
518,Daffi,Yesson,dyessoned@ebay.co.uk,Female,216.223.144.95
519,Case,Hudel,chudelee@vistaprint.com,Male,118.214.55.27
520,Marvin,Donat,mdonatef@posterous.com,Male,11.185.130.134
521,Henriette,Gye,hgyeeg@desdev.cn,Polygender,150.61.19.36
522,Penni,Ayshford,payshfordeh@unicef.org,Bigender,94.248.154.238
523,Woodie,Thuillier,wthuillierei@illinois.edu,Male,200.56.126.243
524,Rosalie,Walburn,rwalburnej@yellowbook.com,Female,66.247.133.2
525,Darrel,Webby,dwebbyek@un.org,Male,67.22.125.222
526,Tatum,Carmody,tcarmodyel@dailymotion.com,Female,33.103.176.221
527,Charita,Munby,cmunbyem@tripod.com,Female,177.58.189.234
528,Patty,Pavel,ppavelen@dot.gov,Male,14.114.11.152
529,El,Lansley,elansleyeo@123-reg.co.uk,Non-binary,115.225.218.175
530,Antonin,Shrive,ashriveep@scientificamerican.com,Male,205.239.80.75
531,Cosimo,Wilkisson,cwilkissoneq@ezinearticles.com,Male,66.240.6.190
532,Roy,Skett,rsketter@wired.com,Male,8.116.151.209
533,Raul,Slane,rslanees@narod.ru,Male,184.108.67.62
534,Jessee,Packe,jpackeet@ameblo.jp,Male,241.55.206.42
535,Ettore,Mellows,emellowseu@webnode.com,Male,249.202.10.145
536,Indira,Bignall,ibignallev@google.nl,Female,234.36.147.148
537,Conn,Yven,cyvenew@ca.gov,Male,151.143.179.220
538,Gasper,Tinline,gtinlineex@cornell.edu,Male,96.250.90.27
539,Olivia,Shaddick,oshaddickey@nytimes.com,Female,68.39.177.221
540,Kevon,Errett,kerrettez@smh.com.au,Male,185.244.135.75
541,Hanni,Morville,hmorvillef0@elpais.com,Female,60.6.202.70
542,Gunilla,Tewkesberry,gtewkesberryf1@umn.edu,Female,98.33.201.93
543,Vanni,De Malchar,vdemalcharf2@icq.com,Female,223.251.41.125
544,Gae,Fenich,gfenichf3@webs.com,Female,58.127.218.172
545,Alessandra,Berndtsson,aberndtssonf4@aol.com,Agender,132.186.169.33
546,Reginald,Bennike,rbennikef5@cmu.edu,Male,31.120.158.80
547,Rycca,Buttner,rbuttnerf6@123-reg.co.uk,Bigender,16.230.1.245
548,Judi,Tutill,jtutillf7@ted.com,Polygender,104.208.174.79
549,Harlan,Wilder,hwilderf8@cornell.edu,Male,27.152.150.16
550,Caleb,Simonich,csimonichf9@dyndns.org,Male,133.13.177.78
551,Emmye,Klehn,eklehnfa@exblog.jp,Female,218.230.9.61
552,Ana,Matz,amatzfb@multiply.com,Female,89.38.108.222
553,Ellynn,Yewdall,eyewdallfc@ask.com,Female,89.79.22.135
554,Sly,Tabart,stabartfd@buzzfeed.com,Male,230.251.79.221
555,Celie,Greasty,cgreastyfe@rediff.com,Polygender,160.137.212.178
556,Andie,Bischoff,abischoffff@earthlink.net,Female,148.199.39.225
557,Martainn,Gentreau,mgentreaufg@fc2.com,Male,101.134.10.159
558,Adham,Jewitt,ajewittfh@soup.io,Male,101.134.91.151
559,Hyacinthie,Brimelow,hbrimelowfi@europa.eu,Female,71.255.120.89
560,Elianore,Maytum,emaytumfj@dot.gov,Female,210.61.237.203
561,Callean,Ciepluch,cciepluchfk@techcrunch.com,Male,220.220.151.0
562,Henriette,Slocom,hslocomfl@diigo.com,Female,78.253.172.121
563,Genia,Pozzo,gpozzofm@altervista.org,Female,237.105.5.199
564,Sigismund,Szymanzyk,sszymanzykfn@wix.com,Male,81.240.252.228
565,Adella,Raoult,araoultfo@cdbaby.com,Female,141.83.176.123
566,Kylynn,Stickells,kstickellsfp@creativecommons.org,Genderfluid,45.2.230.161
567,Lark,Pimblett,lpimblettfq@webnode.com,Female,221.255.58.93
568,Clarette,Cloonan,ccloonanfr@disqus.com,Female,81.165.122.91
569,Kelsey,Corp,kcorpfs@yolasite.com,Bigender,128.17.222.75
570,Wade,Spaule,wspauleft@forbes.com,Non-binary,106.212.162.232
571,Val,Saffran,vsaffranfu@wufoo.com,Genderfluid,225.36.121.106
572,Willyt,Riley,wrileyfv@macromedia.com,Bigender,217.190.80.62
573,Aleece,Kaming,akamingfw@ebay.co.uk,Female,184.221.252.242
574,Saxon,Spir,sspirfx@ebay.co.uk,Male,223.119.79.164
575,Wakefield,Scheffler,wschefflerfy@1und1.de,Male,226.176.74.253
576,Khalil,Wingeat,kwingeatfz@privacy.gov.au,Male,218.198.245.0
577,Allan,Rizzotto,arizzottog0@yandex.ru,Male,135.79.158.210
578,Rolf,Allcock,rallcockg1@godaddy.com,Male,68.66.35.196
579,Boote,Penning,bpenningg2@techcrunch.com,Male,151.33.53.98
580,Sonny,O'Sherrin,sosherring3@un.org,Male,72.70.241.48
581,Hynda,Lambotin,hlamboting4@unblog.fr,Female,110.231.128.177
582,Hoebart,Bruntjen,hbruntjeng5@weebly.com,Male,141.220.15.124
583,Yetta,Zouch,yzouchg6@indiegogo.com,Female,107.195.97.229
584,Melessa,Skally,mskallyg7@ow.ly,Female,229.146.110.213
585,Garnet,Ridhole,gridholeg8@vimeo.com,Female,70.31.213.241
586,Min,Farnin,mfarning9@fema.gov,Female,84.204.254.26
587,Lucy,Skippings,lskippingsga@reuters.com,Female,110.200.133.227
588,Quint,Server,qservergb@bluehost.com,Male,138.73.26.246
589,Ethelyn,Macer,emacergc@salon.com,Female,1.108.100.152
590,Adelbert,Habin,ahabingd@csmonitor.com,Male,142.39.177.202
591,Kennan,Palmer,kpalmerge@usnews.com,Male,231.119.196.254
592,Yvonne,Rosen,yrosengf@posterous.com,Female,133.26.169.232
593,Bettye,Jorn,bjorngg@drupal.org,Female,81.25.212.87
594,Boris,Waite,bwaitegh@baidu.com,Male,202.104.115.244
595,Perceval,Toolin,ptoolingi@ning.com,Male,237.232.211.120
596,Nannie,Marklin,nmarklingj@liveinternet.ru,Female,137.216.91.2
597,Malcolm,Carabine,mcarabinegk@tinypic.com,Male,81.15.174.170
598,Janna,Ropkes,jropkesgl@shareasale.com,Female,178.84.160.21
599,Joelie,Killner,jkillnergm@cyberchimps.com,Bigender,43.199.60.246
600,Kikelia,Franiak,kfraniakgn@nsw.gov.au,Female,241.136.193.90
601,Nady,Cruikshank,ncruikshankgo@google.com.br,Female,61.18.203.197
602,Alice,Fellnee,afellneegp@china.com.cn,Female,173.230.140.227
603,Sibyl,Bing,sbinggq@dedecms.com,Male,11.142.136.233
604,Alina,Everist,aeveristgr@economist.com,Female,4.226.46.52
605,Elysia,Klimmek,eklimmekgs@wp.com,Female,106.104.203.76
606,Francois,Domokos,fdomokosgt@ucsd.edu,Male,169.251.203.239
607,Egbert,Schubert,eschubertgu@hao123.com,Male,48.67.154.95
608,Mylo,Pedri,mpedrigv@spiegel.de,Male,104.181.166.131
609,Irma,Livingstone,ilivingstonegw@earthlink.net,Female,96.143.8.144
610,Shannan,Yerrell,syerrellgx@facebook.com,Male,217.31.39.18
611,Anya,Sperski,asperskigy@dailymotion.com,Non-binary,25.118.111.108
612,Ewell,Charke,echarkegz@slate.com,Male,6.218.92.58
613,Em,Baumler,ebaumlerh0@jigsy.com,Female,12.43.2.57
614,Nestor,Crowche,ncrowcheh1@gnu.org,Male,73.204.78.26
615,Goldia,Fulker,gfulkerh2@issuu.com,Female,150.11.5.243
616,Freddi,Boissier,fboissierh3@vimeo.com,Bigender,147.108.83.174
617,Marquita,Norheny,mnorhenyh4@feedburner.com,Female,61.171.10.116
618,Cobbie,Capoun,ccapounh5@house.gov,Male,67.90.141.126
619,Cass,Battle,cbattleh6@smh.com.au,Female,17.181.72.203
620,Fonzie,Matevosian,fmatevosianh7@flickr.com,Male,122.138.82.56
621,Ashleigh,Denisot,adenisoth8@aol.com,Female,22.137.192.82
622,Rafe,Karpman,rkarpmanh9@comsenz.com,Male,50.18.116.161
623,Aggi,Ellings,aellingsha@bbc.co.uk,Genderqueer,106.73.13.254
624,Carolin,Guidera,cguiderahb@angelfire.com,Female,65.186.217.17
625,Lindsy,Meighan,lmeighanhc@sciencedirect.com,Female,16.189.3.50
626,Flint,Leyban,fleybanhd@unblog.fr,Male,23.230.71.97
627,Frants,Osipov,fosipovhe@whitehouse.gov,Polygender,150.95.246.82
628,Karilynn,Matschoss,kmatschosshf@guardian.co.uk,Female,147.170.56.180
629,Liv,Clemenson,lclemensonhg@linkedin.com,Female,89.136.194.27
630,Chip,Gowrich,cgowrichhh@wsj.com,Male,255.116.0.208
631,Beatrice,Strangward,bstrangwardhi@netscape.com,Female,120.87.11.71
632,Lucien,Ormesher,lormesherhj@omniture.com,Male,93.247.151.198
633,Dasie,Camocke,dcamockehk@t.co,Female,75.225.165.209
634,Geoff,Stook,gstookhl@wordpress.com,Male,227.167.27.253
635,Darlleen,Battin,dbattinhm@1und1.de,Female,145.151.120.47
636,Aubert,Lawlan,alawlanhn@merriam-webster.com,Male,241.232.172.150
637,Ceciley,Ambrosio,cambrosioho@cafepress.com,Polygender,121.72.217.232
638,Jaquelyn,Sweetman,jsweetmanhp@wikia.com,Genderfluid,189.175.212.217
639,Nanny,Slaten,nslatenhq@unblog.fr,Female,215.63.28.134
640,Eben,Local,elocalhr@toplist.cz,Male,241.167.165.41
641,Teddie,Spaice,tspaicehs@woothemes.com,Male,177.175.86.99
642,Kerwinn,Livingstone,klivingstoneht@narod.ru,Male,251.238.120.128
643,Innis,Aggiss,iaggisshu@amazon.co.uk,Male,11.242.248.231
644,Bogart,Swett,bswetthv@whitehouse.gov,Male,167.66.35.155
645,Eddy,MacColgan,emaccolganhw@booking.com,Female,89.242.99.138
646,Carolan,Petrozzi,cpetrozzihx@purevolume.com,Female,95.128.228.95
647,Kelwin,Golley,kgolleyhy@imgur.com,Male,67.9.2.3
648,Ronnica,Pires,rpireshz@chron.com,Female,3.72.52.228
649,Carolina,Sharphouse,csharphousei0@arstechnica.com,Female,229.75.9.129
650,Creight,Langlands,clanglandsi1@phpbb.com,Male,149.243.59.71
651,Lindie,Northley,lnorthleyi2@usgs.gov,Bigender,57.79.134.80
652,Loralie,Arnow,larnowi3@is.gd,Female,182.33.78.34
653,Wald,Reames,wreamesi4@wisc.edu,Male,60.249.183.190
654,Gracia,Bolesma,gbolesmai5@comsenz.com,Female,21.180.234.54
655,Audrye,Willimot,awillimoti6@indiegogo.com,Female,14.86.129.30
656,Josiah,Devine,jdevinei7@odnoklassniki.ru,Male,179.88.117.93
657,Washington,Pentony,wpentonyi8@icio.us,Male,0.60.43.101
658,Frederigo,Ronald,fronaldi9@jimdo.com,Male,131.245.243.159
659,Henryetta,Baldwin,hbaldwinia@nasa.gov,Female,187.12.121.116
660,Rancell,Outlaw,routlawib@issuu.com,Male,219.212.91.43
661,Velma,Honig,vhonigic@buzzfeed.com,Female,24.123.91.226
662,Liz,Arp,larpid@who.int,Non-binary,107.134.236.97
663,Abagail,Worwood,aworwoodie@wikipedia.org,Female,84.199.129.126
664,Corri,Jackling,cjacklingif@cnn.com,Female,171.183.27.229
665,Sigvard,Kynan,skynanig@samsung.com,Male,238.76.136.6
666,Orbadiah,Boobyer,oboobyerih@theatlantic.com,Male,182.30.127.14
667,Jade,Wordsworth,jwordsworthii@cbsnews.com,Female,117.160.96.192
668,Evvy,Norton,enortonij@hubpages.com,Female,169.105.56.76
669,Felipe,Longstaff,flongstaffik@msu.edu,Male,165.74.204.7
670,Chan,Haffenden,chaffendenil@loc.gov,Male,159.227.141.135
671,Traci,Garrals,tgarralsim@ow.ly,Female,34.113.9.246
672,Willette,Tulloch,wtullochin@godaddy.com,Female,58.83.29.64
673,Staci,Giffin,sgiffinio@wp.com,Female,200.231.96.0
674,Netti,Blindmann,nblindmannip@usda.gov,Female,163.19.63.137
675,Jennilee,Spry,jspryiq@newyorker.com,Female,21.19.38.180
676,Ricky,Sidden,rsiddenir@arstechnica.com,Male,42.179.249.203
677,Daloris,De Malchar,ddemalcharis@elpais.com,Female,12.120.107.60
678,Arly,Ilymanov,ailymanovit@spotify.com,Female,185.69.109.198
679,Kissiah,Dallimore,kdallimoreiu@w3.org,Female,61.48.199.237
680,Karlens,Freeth,kfreethiv@acquirethisname.com,Polygender,111.99.212.191
681,Elwin,Joney,ejoneyiw@fotki.com,Male,159.255.139.30
682,Susanetta,Vinden,svindenix@chronoengine.com,Female,175.92.115.125
683,Noella,Britner,nbritneriy@virginia.edu,Female,39.21.219.64
684,Byrann,Feaver,bfeaveriz@cpanel.net,Male,235.122.30.210
685,Hew,Bottle,hbottlej0@un.org,Male,249.117.18.79
686,Colene,Bowe,cbowej1@washingtonpost.com,Female,155.141.205.108
687,Tymon,Atterley,tatterleyj2@weebly.com,Male,172.63.70.80
688,Maynord,O'Carran,mocarranj3@ameblo.jp,Male,254.48.97.201
689,Christen,Cockerell,ccockerellj4@shop-pro.jp,Female,64.205.70.205
690,Evangeline,Normanton,enormantonj5@ucoz.com,Female,5.189.159.237
691,Hattie,Hodgins,hhodginsj6@google.com,Polygender,111.89.226.69
692,Mohandas,Sneller,msnellerj7@whitehouse.gov,Male,47.168.78.136
693,Ami,Flett,aflettj8@globo.com,Female,135.204.228.119
694,Martina,Pengilly,mpengillyj9@china.com.cn,Female,207.204.218.173
695,Samaria,Hamer,shamerja@cbslocal.com,Female,246.235.212.133
696,Hurley,Genever,hgeneverjb@indiegogo.com,Male,109.61.61.55
697,Wendy,Childs,wchildsjc@hibu.com,Female,236.4.44.145
698,Susy,Janouch,sjanouchjd@bbc.co.uk,Female,164.252.143.120
699,Randie,Fishleigh,rfishleighje@spiegel.de,Male,219.30.35.104
700,Lek,Eliasen,leliasenjf@chronoengine.com,Male,108.66.80.29
701,Charin,Gwyther,cgwytherjg@people.com.cn,Female,130.40.9.165
702,Joseph,Crehan,jcrehanjh@cbc.ca,Bigender,239.69.57.72
703,Jenn,Bernucci,jbernucciji@ucoz.ru,Female,134.11.161.143
704,Ellette,Thay,ethayjj@prnewswire.com,Female,63.123.60.73
705,Brittni,MacCallester,bmaccallesterjk@cam.ac.uk,Female,105.247.20.218
706,Vivyanne,Hardman,vhardmanjl@people.com.cn,Female,221.214.66.21
707,Robbert,Realy,rrealyjm@hugedomains.com,Male,219.253.89.150
708,Raddie,Calow,rcalowjn@hibu.com,Male,171.114.242.110
709,Kala,Laye,klayejo@networksolutions.com,Female,207.148.235.46
710,Ramona,McCotter,rmccotterjp@tuttocitta.it,Female,194.75.211.44
711,Wrennie,Sponer,wsponerjq@xrea.com,Genderfluid,177.232.33.178
712,Jud,Petrescu,jpetrescujr@cnbc.com,Male,92.223.217.186
713,Yance,Cescon,ycesconjs@kickstarter.com,Male,214.26.45.243
714,Boonie,Farryn,bfarrynjt@gravatar.com,Male,131.69.120.138
715,Pancho,Descroix,pdescroixju@jimdo.com,Male,50.105.181.79
716,Ellary,Dunnet,edunnetjv@archive.org,Male,62.10.23.226
717,Cori,Colnett,ccolnettjw@flickr.com,Female,20.205.152.246
718,Erik,Brinson,ebrinsonjx@google.nl,Male,234.96.174.155
719,Jareb,Sneesbie,jsneesbiejy@sitemeter.com,Male,100.95.223.88
720,Shelby,Trevena,strevenajz@tiny.cc,Female,242.166.122.150
721,Bendix,Andries,bandriesk0@nps.gov,Male,169.103.177.216
722,Hugues,Glanton,hglantonk1@thetimes.co.uk,Male,209.229.125.154
723,Katheryn,Tuhy,ktuhyk2@wix.com,Female,249.10.254.225
724,Ava,Recke,areckek3@accuweather.com,Female,139.165.59.46
725,Gordan,Dilger,gdilgerk4@51.la,Male,249.148.68.96
726,Stillmann,Haizelden,shaizeldenk5@paypal.com,Male,188.233.162.100
727,Siusan,McGoldrick,smcgoldrickk6@comsenz.com,Female,191.201.192.3
728,Niall,Golding,ngoldingk7@shop-pro.jp,Male,31.25.166.48
729,Laetitia,Robertz,lrobertzk8@bbb.org,Female,253.145.88.235
730,Xaviera,Robardey,xrobardeyk9@godaddy.com,Female,113.43.42.209
731,Kaila,Coulman,kcoulmanka@mayoclinic.com,Female,159.123.2.94
732,Etty,Greystoke,egreystokekb@pen.io,Female,150.186.53.15
733,Desdemona,Bownes,dbowneskc@quantcast.com,Female,36.110.82.198
734,Marcelline,Shilburne,mshilburnekd@pcworld.com,Female,48.77.113.45
735,Trenna,Catling,tcatlingke@geocities.jp,Female,220.60.224.243
736,Tobe,Carmel,tcarmelkf@fda.gov,Female,10.146.139.98
737,Stesha,Crisp,scrispkg@nifty.com,Female,104.216.216.253
738,Irv,MacGhee,imacgheekh@sohu.com,Male,253.140.42.227
739,Maddalena,Denisovo,mdenisovoki@php.net,Female,79.106.70.78
740,Merralee,Jones,mjoneskj@unc.edu,Female,35.54.120.45
741,Hastie,Winship,hwinshipkk@biblegateway.com,Male,119.112.144.86
742,Eyde,Espadas,eespadaskl@blogspot.com,Female,12.219.182.174
743,Stacy,Juckes,sjuckeskm@sogou.com,Male,210.27.224.55
744,Noella,Hastler,nhastlerkn@apache.org,Non-binary,82.245.182.129
745,Garfield,Clancy,gclancyko@sitemeter.com,Male,103.138.217.249
746,Bernardine,Andreassen,bandreassenkp@stumbleupon.com,Female,28.132.135.0
747,Jennine,Lackham,jlackhamkq@yelp.com,Female,164.184.7.130
748,Brandais,Reedy,breedykr@wikispaces.com,Genderfluid,102.192.157.150
749,Leonelle,Lesper,llesperks@scribd.com,Agender,82.3.127.127
750,Gayle,Ianno,giannokt@nps.gov,Female,15.168.18.202
751,Bel,Oliphand,boliphandku@noaa.gov,Female,153.7.2.196
752,Terrill,Marvell,tmarvellkv@stanford.edu,Male,230.149.94.125
753,Esme,Compson,ecompsonkw@ucla.edu,Female,96.208.192.27
754,Silvie,Edgell,sedgellkx@cnn.com,Female,105.9.211.89
755,Harper,Crauford,hcraufordky@mozilla.com,Male,209.236.86.150
756,Hagen,Dobkin,hdobkinkz@dailymail.co.uk,Male,216.208.170.105
757,Kathy,Ivanyushkin,kivanyushkinl0@cargocollective.com,Female,28.38.186.21
758,Marchelle,Reeveley,mreeveleyl1@auda.org.au,Female,0.62.244.195
759,Irina,Colquite,icolquitel2@mtv.com,Female,205.133.2.93
760,Roley,Craze,rcrazel3@twitter.com,Male,39.82.204.210
761,Claiborne,Jamson,cjamsonl4@ask.com,Genderfluid,19.252.172.198
762,Chrysa,Cusiter,ccusiterl5@about.me,Female,208.104.79.250
763,Angeli,Huxton,ahuxtonl6@nyu.edu,Male,13.38.76.103
764,Rodolphe,McFaell,rmcfaelll7@discuz.net,Male,181.189.102.170
765,Adelle,Mulberry,amulberryl8@sciencedaily.com,Female,131.140.110.59
766,Hyatt,Handaside,hhandasidel9@springer.com,Bigender,172.102.48.86
767,Samantha,Woehler,swoehlerla@state.gov,Female,108.168.111.21
768,Faber,Dudson,fdudsonlb@pen.io,Male,68.65.86.175
769,Bobbie,Leghorn,bleghornlc@yale.edu,Male,97.242.141.36
770,Shena,Nunn,snunnld@hugedomains.com,Female,127.253.177.133
771,Pearline,Domotor,pdomotorle@mysql.com,Female,53.113.186.1
772,Mandy,Deshon,mdeshonlf@dot.gov,Female,97.209.109.131
773,Cad,Crafts,ccraftslg@amazon.co.jp,Male,101.120.98.45
774,Karole,Leavesley,kleavesleylh@bandcamp.com,Female,156.9.145.178
775,Margarette,Ambrogi,mambrogili@behance.net,Female,83.3.73.200
776,Kaylyn,Gagan,kgaganlj@phpbb.com,Female,86.37.28.193
777,Devon,Haslum,dhaslumlk@ibm.com,Female,61.24.125.127
778,Nobie,Kainz,nkainzll@ucoz.ru,Male,65.70.52.244
779,Zacherie,Peealess,zpeealesslm@who.int,Male,135.81.196.108
780,Neils,Bartolacci,nbartolacciln@ow.ly,Male,85.153.114.100
781,Teena,Soldner,tsoldnerlo@tumblr.com,Female,175.119.11.190
782,Giraldo,Berwick,gberwicklp@networkadvertising.org,Male,190.118.209.78
783,Ebeneser,Tolle,etollelq@nature.com,Male,122.196.124.34
784,Kirk,Overstall,koverstalllr@nature.com,Male,163.47.151.135
785,Odell,O'Mullally,oomullallyls@cafepress.com,Male,189.84.97.73
786,Emlynne,Lapre,elaprelt@amazon.co.uk,Female,28.121.182.208
787,Juliana,Lovell,jlovelllu@cmu.edu,Female,52.146.135.167
788,Stanly,Caller,scallerlv@house.gov,Agender,131.43.80.104
789,Leonardo,Halpen,lhalpenlw@prweb.com,Male,152.144.172.233
790,Nathalia,Cestard,ncestardlx@ning.com,Female,125.215.204.155
791,Bari,Haggleton,bhaggletonly@princeton.edu,Female,229.48.206.227
792,Sybila,Groombridge,sgroombridgelz@domainmarket.com,Female,195.114.179.9
793,Fair,Mowsley,fmowsleym0@nydailynews.com,Male,134.53.42.13
794,Aldo,Felten,afeltenm1@irs.gov,Male,12.1.233.70
795,Tadd,Crockett,tcrockettm2@nhs.uk,Male,116.99.53.77
796,Kinsley,Maffy,kmaffym3@hp.com,Male,108.8.110.254
797,Roderigo,Wiggington,rwiggingtonm4@mashable.com,Male,21.106.69.238
798,Jeri,Wolfers,jwolfersm5@kickstarter.com,Female,175.184.206.193
799,Debby,Neiland,dneilandm6@illinois.edu,Female,210.202.111.173
800,Jeniece,Tomkies,jtomkiesm7@toplist.cz,Non-binary,174.227.5.60
801,Gaby,Beetham,gbeethamm8@upenn.edu,Male,5.123.233.32
802,Barty,Bygate,bbygatem9@addthis.com,Genderqueer,92.4.88.53
803,Mahalia,Clew,mclewma@cloudflare.com,Female,4.8.73.132
804,Arden,Pedrick,apedrickmb@networkadvertising.org,Female,204.21.125.148
805,Hercules,Barhems,hbarhemsmc@woothemes.com,Male,167.22.219.124
806,Alessandra,Edwardson,aedwardsonmd@bravesites.com,Female,113.42.53.23
807,Gawen,Iliff,giliffme@prlog.org,Male,74.70.209.79
808,Kelwin,D'Antonio,kdantoniomf@stumbleupon.com,Male,17.53.252.85
809,Dennet,Lorent,dlorentmg@rakuten.co.jp,Male,53.156.35.126
810,Correna,Davidson,cdavidsonmh@slashdot.org,Female,171.49.55.214
811,Koral,Bullocke,kbullockemi@fema.gov,Female,185.175.87.154
812,Robert,Lux,rluxmj@tuttocitta.it,Male,194.119.94.20
813,Jorry,Spadazzi,jspadazzimk@phoca.cz,Female,176.187.167.111
814,Conny,Ramsby,cramsbyml@phpbb.com,Female,193.24.73.223
815,Paulo,Wix,pwixmm@aol.com,Male,147.63.224.102
816,Tate,Yurov,tyurovmn@amazon.co.jp,Male,255.223.237.162
817,Babette,Spencook,bspencookmo@hp.com,Non-binary,216.83.153.243
818,Syman,Sachno,ssachnomp@taobao.com,Male,45.95.239.162
819,Filberte,Dailey,fdaileymq@umn.edu,Male,235.2.67.72
820,Kahaleel,McChesney,kmcchesneymr@irs.gov,Male,137.165.42.205
821,Eugenius,Glassup,eglassupms@disqus.com,Male,109.234.37.179
822,Minda,Carpe,mcarpemt@themeforest.net,Female,173.255.198.135
823,Erick,Assaf,eassafmu@baidu.com,Male,212.195.182.136
824,Maria,Canceller,mcancellermv@jalbum.net,Female,21.172.49.247
825,Concordia,Yendle,cyendlemw@cisco.com,Female,193.146.114.212
826,Vanya,Freake,vfreakemx@acquirethisname.com,Male,216.91.17.52
827,Zelig,Seys,zseysmy@wp.com,Male,249.85.175.16
828,Ad,Siward,asiwardmz@nytimes.com,Male,186.141.181.200
829,Evelyn,Wansbury,ewansburyn0@acquirethisname.com,Female,20.63.11.86
830,Lew,McGreay,lmcgreayn1@adobe.com,Agender,136.108.162.160
831,Andy,Hesbrook,ahesbrookn2@purevolume.com,Female,231.76.236.78
832,Bronnie,Potte,bpotten3@bandcamp.com,Male,22.87.43.150
833,Berni,Wingeat,bwingeatn4@elpais.com,Female,76.6.18.142
834,Skyler,Palffrey,spalffreyn5@psu.edu,Male,23.142.10.133
835,Mitzi,Hogsden,mhogsdenn6@nyu.edu,Female,152.252.11.29
836,Dunstan,Fassbender,dfassbendern7@wufoo.com,Male,1.214.31.151
837,Paxton,Josum,pjosumn8@webnode.com,Male,89.202.107.13
838,Hermann,Pfeffel,hpfeffeln9@dropbox.com,Male,89.94.125.24
839,Rey,Walsh,rwalshna@studiopress.com,Male,174.225.40.203
840,Chen,Haselup,chaselupnb@geocities.jp,Male,131.26.68.56
841,Elias,Morde,emordenc@booking.com,Male,243.29.202.98
842,Burg,Western,bwesternnd@blog.com,Male,131.216.252.248
843,Joellyn,Girling,jgirlingne@ustream.tv,Female,143.147.98.45
844,Eamon,Roset,erosetnf@theglobeandmail.com,Male,186.127.195.101
845,Herb,Baroch,hbarochng@bbb.org,Male,72.24.42.23
846,Marigold,Doole,mdoolenh@reuters.com,Female,167.199.191.241
847,Ilyse,Olesen,iolesenni@cnet.com,Female,219.70.141.82
848,Amie,Gumbley,agumbleynj@tripod.com,Female,143.252.116.18
849,Louella,Biever,lbievernk@sphinn.com,Female,153.13.91.178
850,Shela,Spellar,sspellarnl@goodreads.com,Female,79.7.1.85
851,Dennie,Blanc,dblancnm@free.fr,Female,114.89.196.185
852,Hamid,Bunclark,hbunclarknn@newyorker.com,Male,214.156.19.4
853,Quincy,Edwins,qedwinsno@illinois.edu,Male,192.79.196.89
854,Tarra,Cammish,tcammishnp@answers.com,Female,129.225.139.238
855,Aldrich,Rentelll,arentelllnq@loc.gov,Genderfluid,181.116.193.53
856,Sybil,Jest,sjestnr@dailymail.co.uk,Female,151.45.23.3
857,Reyna,Pinnijar,rpinnijarns@nbcnews.com,Female,128.150.175.187
858,Roselia,Heibel,rheibelnt@google.com.au,Female,93.217.150.71
859,Bess,Bliben,bblibennu@cmu.edu,Female,201.161.75.165
860,Mario,L'argent,mlargentnv@ca.gov,Male,227.1.228.141
861,Joyce,MacCleay,jmaccleaynw@bloglovin.com,Female,65.198.221.23
862,Graham,Howgego,ghowgegonx@answers.com,Male,199.150.220.176
863,Corrie,Fellowes,cfellowesny@tinypic.com,Female,9.152.130.45
864,Judon,Glayzer,jglayzernz@ebay.com,Male,252.146.187.83
865,Leeland,Korous,lkorouso0@nasa.gov,Male,110.5.222.181
866,Athene,Rzehorz,arzehorzo1@macromedia.com,Female,219.172.47.119
867,Cherida,Antunez,cantunezo2@pen.io,Female,138.40.114.159
868,Eugenio,Bloys,ebloyso3@bloglines.com,Bigender,66.231.113.33
869,Cristy,Cregeen,ccregeeno4@soup.io,Female,99.95.196.91
870,Eadith,Lancaster,elancastero5@merriam-webster.com,Female,147.109.20.36
871,Neddy,Marques,nmarqueso6@epa.gov,Male,183.191.121.43
872,Doris,Varga,dvargao7@last.fm,Female,121.248.159.206
873,Coleman,Olle,colleo8@amazon.co.uk,Male,212.26.217.209
874,Rosana,Andrez,randrezo9@flickr.com,Genderfluid,204.166.5.21
875,Sylvester,Anwell,sanwelloa@google.pl,Male,98.154.154.160
876,Abrahan,Getcliff,agetcliffob@europa.eu,Male,213.52.115.101
877,Sigismondo,Picopp,spicoppoc@theglobeandmail.com,Male,10.107.206.172
878,Una,Gounard,ugounardod@senate.gov,Female,231.154.48.191
879,Jamima,MacGinlay,jmacginlayoe@bbc.co.uk,Female,66.115.116.65
880,Ennis,Drane,edraneof@kickstarter.com,Male,185.68.169.153
881,Jeffrey,Helliar,jhelliarog@chronoengine.com,Male,32.55.132.13
882,Egbert,Erridge,eerridgeoh@deliciousdays.com,Male,251.154.161.138
883,Weston,Posvner,wposvneroi@tripadvisor.com,Male,160.207.27.212
884,Tilly,Anthoine,tanthoineoj@oakley.com,Female,198.39.188.175
885,Pansie,Wratten,pwrattenok@slashdot.org,Female,239.117.11.57
886,Daniel,Samwaye,dsamwayeol@utexas.edu,Male,219.94.76.61
887,Ferne,Berecloth,fbereclothom@barnesandnoble.com,Female,1.109.239.216
888,Nick,Hulance,nhulanceon@lycos.com,Male,148.225.23.46
889,Joaquin,Daber,jdaberoo@who.int,Agender,1.97.160.249
890,Violante,Clulee,vcluleeop@fema.gov,Female,7.47.198.169
891,Alfred,Lorinez,alorinezoq@psu.edu,Bigender,146.155.137.235
892,Tybi,Wagnerin,twagnerinor@squarespace.com,Female,233.215.231.223
893,Milo,Turfitt,mturfittos@bbc.co.uk,Male,206.228.202.47
894,Wendell,McNirlan,wmcnirlanot@ow.ly,Male,232.159.164.208
895,Araldo,Fussie,afussieou@aboutads.info,Male,32.203.192.222
896,Der,Rosenstock,drosenstockov@bizjournals.com,Male,244.35.235.29
897,Pamela,Merrgen,pmerrgenow@oracle.com,Female,223.223.236.109
898,Mollie,Mangan,mmanganox@japanpost.jp,Female,17.189.57.80
899,Jerome,Westrey,jwestreyoy@jimdo.com,Male,26.13.98.65
900,Jacob,Teodori,jteodorioz@ebay.com,Male,135.22.250.56
901,Kerwinn,Terbruggen,kterbruggenp0@digg.com,Genderqueer,71.197.134.24
902,Gena,Laver,glaverp1@addthis.com,Female,136.145.72.32
903,Torrey,Christophers,tchristophersp2@loc.gov,Male,1.173.43.128
904,Tad,Turbat,tturbatp3@uiuc.edu,Male,28.91.217.231
905,Hendrick,Bastistini,hbastistinip4@friendfeed.com,Male,159.60.47.33
906,Weylin,McCotter,wmccotterp5@techcrunch.com,Male,137.209.219.24
907,Jarib,Rosson,jrossonp6@shareasale.com,Male,10.2.191.214
908,Avis,Hubbins,ahubbinsp7@engadget.com,Female,82.239.6.9
909,Freda,Eltone,feltonep8@nps.gov,Female,79.104.167.74
910,Yevette,Steward,ystewardp9@ted.com,Female,158.191.30.152
911,Devy,Vorley,dvorleypa@mlb.com,Male,177.171.47.119
912,Carolin,Gyde,cgydepb@4shared.com,Female,192.118.96.245
913,Ivar,Baggalley,ibaggalleypc@rambler.ru,Male,189.21.199.0
914,Ronica,Trevor,rtrevorpd@nyu.edu,Female,250.64.75.193
915,Heidi,Felten,hfeltenpe@shutterfly.com,Genderqueer,106.143.172.170
916,Haze,Carlon,hcarlonpf@jimdo.com,Agender,176.105.69.93
917,Robert,Hedworth,rhedworthpg@ovh.net,Male,9.133.27.15
918,Pamella,Darlaston,pdarlastonph@amazon.co.uk,Female,96.194.175.21
919,Ashly,Sodo,asodopi@npr.org,Female,40.128.123.240
920,Kearney,Gobbet,kgobbetpj@prweb.com,Male,53.195.144.84
921,Art,Mumford,amumfordpk@tuttocitta.it,Male,155.58.245.78
922,Zuzana,Wilcock,zwilcockpl@addtoany.com,Bigender,229.32.136.70
923,Hyacinthia,Dunkley,hdunkleypm@umn.edu,Female,68.51.83.41
924,Katine,Merwede,kmerwedepn@free.fr,Female,123.129.123.77
925,Adela,Balmer,abalmerpo@businessweek.com,Female,72.232.198.223
926,Anatola,Gudeman,agudemanpp@npr.org,Bigender,95.69.98.252
927,Berny,Fellgate,bfellgatepq@discuz.net,Male,183.92.13.156
928,Veronike,Pote,vpotepr@noaa.gov,Female,215.11.104.33
929,Kari,Marzella,kmarzellaps@msn.com,Female,127.196.210.106
930,Pennie,Chrstine,pchrstinept@weebly.com,Female,225.86.250.123
931,Karlens,O'Heneghan,koheneghanpu@miitbeian.gov.cn,Male,6.58.6.209
932,Vanya,Kidson,vkidsonpv@last.fm,Female,114.71.123.33
933,Danette,Spurnier,dspurnierpw@wordpress.com,Female,215.141.69.153
934,Adrea,Likely,alikelypx@harvard.edu,Female,159.48.30.53
935,Becki,Van Weedenburg,bvanweedenburgpy@liveinternet.ru,Female,230.75.2.173
936,Alvis,Denziloe,adenziloepz@time.com,Male,40.23.106.191
937,Townsend,Pine,tpineq0@sfgate.com,Male,142.232.236.150
938,Georgianne,Eisold,geisoldq1@wikipedia.org,Female,10.44.1.104
939,Dru,Sergeant,dsergeantq2@msu.edu,Male,165.199.46.91
940,Boycey,Valler,bvallerq3@altervista.org,Male,224.106.18.67
941,Joachim,Merton,jmertonq4@so-net.ne.jp,Male,218.74.6.157
942,Kacie,Sirmon,ksirmonq5@surveymonkey.com,Female,181.152.127.21
943,Waneta,Sanderson,wsandersonq6@nsw.gov.au,Female,110.127.51.8
944,Renado,Pavelin,rpavelinq7@surveymonkey.com,Male,67.82.122.212
945,Thor,Holbarrow,tholbarrowq8@edublogs.org,Male,5.31.255.99
946,Rafe,Mackie,rmackieq9@earthlink.net,Male,10.231.77.199
947,Torrence,Permain,tpermainqa@weibo.com,Male,112.0.131.185
948,Ondrea,Mumberson,omumbersonqb@rediff.com,Polygender,229.81.190.133
949,Marianne,Stockney,mstockneyqc@networkadvertising.org,Female,239.175.38.10
950,Sargent,Franckton,sfrancktonqd@comsenz.com,Male,200.25.107.62
951,Adelina,Talkington,atalkingtonqe@marriott.com,Female,43.22.196.206
952,Yalonda,De Few,ydefewqf@vimeo.com,Female,92.222.242.83
953,Kiley,Fairbank,kfairbankqg@vkontakte.ru,Male,167.3.38.206
954,Wait,Shinefield,wshinefieldqh@narod.ru,Male,192.29.180.199
955,Jena,Espine,jespineqi@naver.com,Female,11.122.21.184
956,Persis,Calbreath,pcalbreathqj@oaic.gov.au,Bigender,55.81.149.69
957,Bendick,Gammage,bgammageqk@hp.com,Male,146.53.176.56
958,Nikki,Gregson,ngregsonql@pbs.org,Male,44.90.101.12
959,Adolf,Arnowicz,aarnowiczqm@icq.com,Male,2.105.28.49
960,Lenard,Avramovic,lavramovicqn@yahoo.com,Male,50.204.89.175
961,Hinze,Sibly,hsiblyqo@ftc.gov,Male,132.89.78.180
962,Giusto,Braunstein,gbraunsteinqp@who.int,Male,72.191.192.65
963,Eleonora,Schwaiger,eschwaigerqq@hubpages.com,Female,240.203.159.64
964,Barthel,Meran,bmeranqr@indiatimes.com,Male,31.168.122.159
965,Georgina,Penhall,gpenhallqs@ucoz.ru,Agender,143.36.202.222
966,Rora,Rawlings,rrawlingsqt@foxnews.com,Female,151.71.191.222
967,Ferrel,Tallent,ftallentqu@purevolume.com,Male,251.142.42.144
968,Salomo,Jaggs,sjaggsqv@nih.gov,Male,134.159.117.177
969,Dael,Le Ball,dleballqw@oakley.com,Male,151.174.241.37
970,Thain,Trapp,ttrappqx@amazon.co.jp,Male,101.81.251.13
971,Celestia,Mattiessen,cmattiessenqy@dropbox.com,Polygender,204.27.215.135
972,Tessa,Gemlbett,tgemlbettqz@studiopress.com,Female,221.79.104.109
973,Cyndy,Kornilyev,ckornilyevr0@godaddy.com,Female,198.56.14.255
974,Julee,Rounsivall,jrounsivallr1@domainmarket.com,Female,94.102.85.107
975,Winifred,Amdohr,wamdohrr2@usa.gov,Female,42.197.93.61
976,Bary,Paoletti,bpaolettir3@arstechnica.com,Male,102.122.39.201
977,Priscella,Liepins,pliepinsr4@twitter.com,Female,134.226.65.191
978,Sybila,Hampshaw,shampshawr5@google.com,Female,247.3.207.50
979,Helsa,Doul,hdoulr6@mapy.cz,Female,200.175.139.54
980,Dorelia,Halesworth,dhalesworthr7@indiegogo.com,Agender,198.221.145.111
981,Dulcy,Heselwood,dheselwoodr8@sciencedaily.com,Genderqueer,231.42.190.197
982,Robinetta,Mycock,rmycockr9@springer.com,Female,229.19.129.115
983,Jasper,Isaq,jisaqra@google.cn,Male,226.62.74.168
984,Darcey,Golden,dgoldenrb@deviantart.com,Female,77.208.193.35
985,Stavros,Norsworthy,snorsworthyrc@ftc.gov,Male,5.58.180.4
986,Piper,Burges,pburgesrd@topsy.com,Female,130.248.142.169
987,Kendricks,Tabrett,ktabrettre@discuz.net,Male,111.10.69.135
988,Jerri,Bowcher,jbowcherrf@geocities.jp,Male,211.190.221.101
989,Frazier,Lammers,flammersrg@who.int,Male,81.188.235.138
990,Lucais,Bartholomew,lbartholomewrh@ameblo.jp,Male,241.205.248.35
991,Clio,Reddle,creddleri@uiuc.edu,Female,37.181.244.141
992,Dorotea,Iacovo,diacovorj@nytimes.com,Female,17.81.24.236
993,Laraine,Gettone,lgettonerk@cargocollective.com,Female,222.187.253.173
994,Patrice,Adamsson,padamssonrl@phoca.cz,Genderqueer,142.76.215.206
995,Cathlene,Power,cpowerrm@themeforest.net,Female,185.51.99.119
996,Garwin,Jedraszek,gjedraszekrn@dell.com,Male,214.213.43.96
997,Terrel,Bungey,tbungeyro@ibm.com,Male,66.254.24.246
998,Clare,Earle,cearlerp@usgs.gov,Female,157.207.185.162
999,Kris,Millson,kmillsonrq@sitemeter.com,Female,247.194.190.156
1000,Rodolfo,Tomczykowski,rtomczykowskirr@wsj.com,Male,72.85.201.194
